jsd,wasserstein,corr_diff,DCR_5th,NNDR_5th
"{'Geschlecht': np.float64(0.18909751710634937), 'Alter': np.float64(0.11422009422917884), 'Berufssituation': np.float64(0.015528055583600708), 'Alkoholgehalt': np.float64(0.19019884327230804), 'Spritzigkeit': np.float64(0.08481017618266107), 'Aromakategorie (Geruch)': np.float64(0.7498137349980913), 'Aromen': np.float64(0.5691771050343182), 'Geschmack gefaellt mir': np.float64(0.07446822536380535), 'Dominante Geschmacksrichtung': np.float64(0.5886685675533055), 'Lieblingsaromen': np.float64(0.6044179725241641), 'Insgesamt gefaellt mir das Bier': np.float64(0.09616897401502485)}","{'Geschlecht': np.float64(0.4986064659977703), 'Alter': np.float64(0.31984392419175), 'Berufssituation': np.float64(0.20769230769230773), 'Alkoholgehalt': np.float64(1.678651059085842), 'Farbe': np.float64(0.856243032329989), 'Schaumfestigkeit': np.float64(1.605128205128205), 'Spritzigkeit': np.float64(0.5180602006688962), 'Aromakategorie (Geruch)': np.float64(29.71716833890747), 'Aromen': np.float64(13.822129319955408), 'Sue§e': np.float64(0.8482720178372353), 'Saeure': np.float64(1.4755852842809365), 'Bitterkeit': np.float64(0.592196209587514), 'Salzigkeit': np.float64(0.9019509476031217), 'Fruchtigkeit': np.float64(2.4574136008918614), 'Kuenstlichkeit': np.float64(0.8229096989966556), 'Intensitaet': np.float64(0.8972129319955406), 'Nachhall': np.float64(0.7763099219620959), 'Geschmack gefaellt mir': np.float64(0.49509476031215166), 'Dominante Geschmacksrichtung': np.float64(4.1322742474916385), 'Lieblingsaromen': np.float64(12.00133779264214), 'Insgesamt gefaellt mir das Bier': np.float64(0.669732441471572), 'Weiterempfehlung': np.float64(1.070401337792642)}",0.13565432779331124,12.9302543911009,0.4709408838551606